features,emotion
/path/to/data/3772.npy,-0.07319226;-0.17200315;0.20658702
/path/to/data/4761.npy,-0.13281928;-0.8406483;0.8718629
/path/to/data/2971.npy,-0.060193874;-0.033728;0.07948694
/path/to/data/6286.npy,0.20962527;-1.0837928;0.8565544
/path/to/data/2324.npy,-0.18711832;0.034768783;0.18364501
/path/to/data/2804.npy,-0.00019323453;-0.2876196;0.28731668